Unnamed: 0,mem_clock_x,sm_clock         ,inst_per_warp     ,branch_efficiency,warp_execution_efficiency,warp_nonpred_execution_efficiency,inst_replay_overhead  ,shared_load_transactions_per_request,shared_store_transactions_per_request,local_store_transactions_per_request,gld_transactions_per_request,gst_transactions_per_request,shared_store_transactions,shared_load_transactions,local_load_transactions,local_store_transactions,gld_transactions  ,gst_transactions  ,sysmem_write_transactions,l2_read_transactions,l2_write_transactions,dram_read_transactions,dram_write_transactions,global_hit_rate   ,gld_requested_throughput,gst_requested_throughput,gld_throughput    ,gst_throughput    ,local_memory_overhead ,tex_cache_hit_rate,l2_tex_read_hit_rate,l2_tex_write_hit_rate,dram_read_throughput,dram_write_throughput,tex_cache_throughput,l2_tex_read_throughput,l2_tex_write_throughput,l2_read_throughput,l2_write_throughput,sysmem_write_throughput,local_load_throughput,local_store_throughput,shared_load_throughput,shared_store_throughput,gld_efficiency    ,gst_efficiency   ,tex_cache_transactions,flop_count_dp     ,flop_count_dp_add ,flop_count_dp_fma ,flop_count_dp_mul ,flop_count_sp     ,flop_count_sp_add ,flop_count_sp_fma ,flop_count_sp_mul ,flop_count_sp_special,inst_executed     ,inst_issued       ,stall_inst_fetch  ,stall_exec_dependency,stall_memory_dependency,stall_texture         ,stall_sync        ,stall_other       ,stall_constant_memory_dependency,stall_pipe_busy     ,shared_efficiency,inst_fp_32        ,inst_fp_64       ,inst_integer     ,inst_bit_convert ,inst_control      ,inst_compute_ld_st,inst_misc         ,issue_slots       ,cf_issued         ,cf_executed       ,ldst_issued       ,ldst_executed     ,l2_tex_read_transactions,stall_memory_throttle,stall_not_selected    ,l2_tex_write_transactions,ipc                ,issued_ipc         ,issue_slot_utilization,sm_efficiency     ,achieved_occupancy ,eligible_warps_per_cycle,flop_sp_efficiency ,flop_dp_efficiency ,pcie_total_data_transmitted,pcie_total_data_received,inst_executed_global_loads,inst_executed_shared_loads,inst_executed_global_stores,inst_executed_local_stores,inst_executed_shared_stores,l2_global_load_bytes,l2_local_load_bytes,dram_read_bytes   ,dram_write_bytes  ,l2_local_global_store_bytes,global_load_requests,local_load_requests,global_store_requests,local_store_requests,sysmem_write_bytes,l2_tex_hit_rate   ,unique_warps_launched,sm                 ,Kernel_Name       ,single_precision_fu_utilization,double_precision_fu_utilization,dram_utilization  ,sysmem_utilization,sysmem_read_utilization,sysmem_write_utilization,shared_utilization ,tex_utilization   ,ldst_fu_utilization ,cf_fu_utilization,tex_fu_utilization,special_fu_utilization,half_precision_fu_utilization,l2_utilization    ,Application_name
30.5      ,715.0      ,936.0967741935484,19486.0           ,100.0            ,100.0                    ,99.98973599999995                ,1.8774193548387106e-05,0.0                                 ,0.0                                  ,0.0                                 ,16.0                        ,4.0                         ,0.0                      ,0.0                     ,0.0                    ,0.0                     ,68727865346.0     ,8589934592.0      ,5.0                      ,2063386007.3225806  ,8589934737.064516    ,465634499.9516129     ,2157575.8870967743     ,80.7612957580645  ,517.446963064516        ,501.6479908225807       ,627.1824611129034 ,501.6479908225807 ,0.0                   ,75.20526061290323 ,78.59044409677419   ,100.0                ,24.500543758064513  ,129.02007961290323   ,1003.4184541935482  ,117.15599243548387    ,501.6479908225807      ,117.17493501612903,501.6479987419355  ,312.0483870967742      ,0.0                  ,0.0                   ,0.0                   ,0.0                    ,82.50341699999998 ,100.0            ,17181966336.0         ,0.0               ,0.0               ,0.0               ,0.0               ,137438953472.0    ,0.0               ,68719476736.0     ,0.0               ,0.0                  ,10216275968.0     ,10216468275.387096,0.5850128064516128,0.9911380000000001   ,92.6169977419355       ,4.687661580645162     ,0.0               ,1.043567951612903 ,0.0003886290322580645           ,0.012521161290322581,0.0              ,68719476736.0     ,0.0              ,47563407360.0    ,0.0              ,2147483648.0      ,206175207424.0    ,2281701376.0      ,10082232740.225807,68157440.0        ,68157440.0        ,25773998080.0     ,6445072384.0      ,2062137013.2580645      ,0.0016529032258064517,0.06105909677419354   ,8589934592.0             ,0.3828648064516129 ,0.38288587096774196,18.892753451612904    ,99.73078154838707 ,0.9960351612903227 ,0.4152037419354837      ,4.013082306451613  ,0.0                ,69871.48387096774          ,26062.451612903227      ,4295491584.0              ,0.0                       ,2147483648.0               ,0.0                       ,0.0                        ,65896908632.258064  ,0.0                ,14900303998.451612,69042428.38709678 ,274877906944.0             ,17181966336.0       ,0.0                ,8589934592.0         ,0.0                 ,160.0             ,95.68602649999998 ,524288.0             ,17.63440860215054  ,12.5              ,1.0                            ,1.0                            ,2.0               ,0.0               ,0.0                    ,0.0                     ,0.0                ,0.0               ,0.0                 ,0.0              ,5.0               ,0.0                   ,0.0                          ,3.0               ,2MM
123.5     ,715.0      ,936.0967741935484,47001.75          ,100.0            ,100.0                    ,99.9935235                       ,2.8766129032258066e-05,0.0                                 ,0.0                                  ,0.0                                 ,16.0                        ,4.0                         ,0.0                      ,0.0                     ,0.0                    ,0.0                     ,34498154498.0     ,4311744512.0      ,5.0                      ,1107589958.3709676  ,4311744597.225806    ,252495832.28225806    ,1288638.5241935484     ,45.932189540322575,301.05629979838704      ,291.87157162903225      ,454.0163182741936 ,291.87157162903225,0.0                   ,57.0302589435484  ,60.19385506451612   ,99.7599113467742     ,57.578316024193555  ,144.45341892741936   ,583.8068848629032   ,189.40226394354838    ,291.87157162903225     ,189.41235338709674,291.87160689516134 ,162.43715349193548     ,0.0                  ,0.0                   ,0.0                   ,0.0                    ,65.00208374999998 ,100.0            ,8624538624.0          ,0.0               ,0.0               ,0.0               ,0.0               ,68987912192.0     ,0.0               ,34493956096.0     ,0.0               ,0.0                  ,5127214464.0      ,5127311367.467742 ,0.6909808387096774,1.0425222741935485   ,95.00729886290321      ,2.343844266129032     ,0.0               ,0.8666123951612904,0.003271508064516129            ,0.011285282258064515,0.0              ,34493956096.0     ,0.0              ,23840509952.0    ,0.0              ,1077936128.0      ,103490265088.0    ,1151401984.0      ,5059931455.0      ,34210304.0        ,34210304.0        ,12937332224.0     ,3235119872.0      ,1106965246.814516       ,0.000903233870967742 ,0.033281274193548385  ,4311744512.0             ,0.22781384677419356,0.22786434677419357,11.236693201612903    ,90.69939247580645 ,0.5715189112903226 ,0.24368496774193546     ,2.341825580645161  ,0.0                ,36211.6129032258           ,13662.967741935483      ,2156134656.0              ,0.0                       ,1077936128.0               ,0.0                       ,0.0                        ,35377144924.129036  ,0.0                ,8079866633.032258 ,41236432.77419355 ,137975824384.0             ,8624538624.0        ,0.0                ,4311744512.0         ,0.0                 ,160.0             ,81.61187852419356 ,262400.0             ,8.348387096774193  ,6.5               ,1.0                            ,1.0                            ,2.3951612903225805,0.0               ,0.0                    ,0.0                     ,0.0                ,0.75              ,0.0                 ,0.0              ,4.25              ,0.0                   ,0.0                          ,2.2580645161290325,ATAX
309.5     ,715.0      ,936.0967741935484,1390968.248046875 ,99.992835875     ,99.81348812499999        ,99.29040225                      ,0.00019578629032258069,0.0                                 ,0.0                                  ,0.0                                 ,15.980754249999999          ,7.799702250000001           ,0.0                      ,0.0                     ,64.0                   ,64.0                    ,17790142466.0     ,2693329055.875    ,5.0                      ,692847627.2540323   ,2693588275.810484    ,236710986.73387095    ,1031498.375            ,41.57046534274194 ,205.67720499596774      ,182.46262678629034      ,295.28580604032265,195.64756489112904,2.375000000000001e-06 ,54.86991654032258 ,37.64858061693548   ,99.86856809274194    ,49.78074840322581   ,92.39801712500001    ,347.06053964112897  ,123.85347235483871    ,195.64756560887096     ,123.86813644758064,195.65145680241935 ,125.72856474999999     ,0.7484052137096775   ,0.7484052137096775    ,0.0                   ,0.0                    ,73.196675125      ,81.81891025      ,4447535680.0          ,0.0               ,0.0               ,0.0               ,0.0               ,35578193152.0     ,2097920.0         ,17787785216.0     ,524800.0          ,524544.0             ,2651927567.875    ,2651981699.302419 ,1.19502625        ,2.024836435483871    ,92.04017312096774      ,1.175715064516129     ,0.0               ,3.014931314516129 ,0.050874806451612894            ,0.043923487903225804,0.0              ,17791457536.0     ,0.0              ,12512130686.75   ,0.0              ,553954688.125     ,53360727039.875   ,591986943.25      ,2617368232.2580647,17621207.875      ,17621207.875      ,6671762832.0      ,1668874952.0      ,692227414.9193548       ,0.26332590725806454  ,0.1911935806451613    ,2693329119.875           ,0.2755048911290322 ,0.2753477903225807 ,13.265071141129033    ,61.7802865        ,0.4423188508064516 ,0.369092754032258       ,2.3164248387096773 ,0.0                ,60713.290322580644         ,21450.322580645163      ,1112211584.0              ,0.0                       ,556073240.0                ,0.0                       ,0.0                        ,22139725339.48387   ,2048.0             ,7574751575.4838705,33007948.0        ,86186531836.0              ,4447535616.0        ,64.0               ,2223636960.0         ,64.0                ,160.0             ,74.64411585080646 ,147608.0             ,33.26817716333845  ,9.25              ,1.403225806451613              ,1.0                            ,2.625             ,0.0               ,0.0                    ,0.0                     ,0.0                ,1.1370967741935485,0.028225806451612902,0.0              ,4.181451612903226 ,0.25                  ,0.0                          ,1.4193548387096775,CORR
604.0     ,715.0      ,936.0967741935484,2006042.0894886365,99.98958172727274,99.72884027272727        ,99.05051754545457                ,0.0005164838709677419 ,0.0                                 ,0.0                                  ,0.0                                 ,15.972021272727272          ,9.435972272727273           ,0.0                      ,0.0                     ,93.0909090909091       ,93.0909090909091        ,13331310780.181818,2349882635.5454545,5.0                      ,604838121.8592376   ,2350286665.0175953   ,252142372.17008796    ,990228.2668621701      ,37.20453037829912 ,181.25788439589442      ,149.21597578592377      ,253.81691119648093,166.15773608211146,3.4545454545454554e-06,52.535327736070386,31.823308894428152  ,99.89792708797654    ,53.10166129912024   ,85.18008212903226    ,284.0879769853372   ,112.32132224633432    ,166.15773712609973     ,112.34219809970674,166.16607837536657 ,110.85656404985336     ,1.0886123049853373   ,1.0886123049853373    ,0.0                   ,0.0                    ,75.49694672727273 ,75.37296036363637,3332827787.6363635    ,0.0               ,0.0               ,0.0               ,0.0               ,26656813428.363636,2002571.6363636365,13327214592.0     ,381672.7272727273 ,381486.54545454547   ,1992410205.0      ,1992453615.6744869,1.284876073313783 ,2.369454624633431    ,90.86629438123168      ,0.8550818387096775    ,0.0               ,3.1058373577712604,0.14991789149560117             ,0.06787575366568915 ,0.0              ,13330362368.0     ,0.0              ,9523803228.181818,0.0              ,412723572.45454544,39981158586.09091 ,441052997.27272725,1966641099.4956012,13136994.818181818,13136994.818181818,4999659508.363636 ,1250960843.6363637,604354888.7859237       ,1.0227928533724342   ,0.277869219941349     ,2349882728.6363635       ,0.2990472639296188 ,0.2992148797653959 ,14.446498800586511    ,54.17485293841642 ,0.41671709384164224,0.43377815542521986     ,1.7508285806451613 ,0.0                ,91051.91788856305          ,159811.5659824047       ,833683549.0909091         ,0.0                       ,416836171.6363636          ,0.0                       ,0.0                        ,19326239003.870968  ,2978.909090909091  ,8068555909.442815 ,31687304.539589442,75196247316.36363          ,3332827694.5454545  ,93.0909090909091   ,1666390504.7272727   ,93.0909090909091    ,160.0             ,72.52866768328445 ,110341.81818181818   ,32.6760752688172   ,9.636363636363637 ,1.5395894428152492             ,1.0                            ,2.8563049853372435,0.0               ,0.0                    ,0.0                     ,0.0                ,1.2287390029325513,0.093841642228739   ,0.0              ,4.131964809384164 ,0.18181818181818182   ,0.0                          ,1.18475073313783  ,COVAR
960.5     ,715.0      ,936.0967741935484,1839855.9986979167,99.99044991666668,99.75143691666666        ,99.12822975000002                ,0.00047565591397849457,0.0                                 ,0.0                                  ,0.0                                 ,15.974352833333331          ,8.982974583333332           ,0.0                      ,0.0                     ,85.33333333333333      ,85.33333333333333       ,12936370860.666666,2243581258.5833335,5.0                      ,568128593.6263441   ,2243951620.626344    ,232873478.41666666    ,956251.9704301076      ,41.41780800537635 ,209.2876791155914       ,178.60943851612905      ,284.945557672043  ,194.13938545430113,3.1666666666666667e-06,54.568463333333334,36.41704734408602   ,99.90643316397852    ,49.48784179301076   ,101.30322476612903   ,344.0498197311827   ,109.19647084408602    ,194.13938641129033     ,109.213487077957  ,194.14703334946233 ,101.82253197311827     ,0.9978946129032258   ,0.9978946129032258    ,0.0                   ,0.0                    ,76.08110391666668 ,77.42521366666666,3234092800.0          ,0.0               ,0.0               ,0.0               ,0.0               ,26583245482.666668,1835690.6666666667,12932441258.666666,716527274.6666666 ,349696.0             ,1955361791.9166667,1955405001.5698924,1.217289040322581 ,2.3276840215053762   ,90.7357363951613       ,1.260003185483871     ,0.0               ,3.058958330645161 ,0.13750100537634408             ,0.06278462903225805 ,0.0              ,13651504128.0     ,0.0              ,9228925609.833334,0.0              ,400699562.75      ,38797578069.25    ,429813930.1666667 ,1930345245.3844087,12763141.25       ,12763141.25       ,4851587744.0      ,1213888506.6666667,567686358.2392473       ,0.9377800268817205   ,0.26226335752688174   ,2243581343.9166665       ,0.31300322043010753,0.3131573252688172 ,15.165403069892472    ,57.92056155107527 ,0.4646657204301075 ,0.44065705376344083     ,2.1062417365591397 ,0.0                ,84190.96774193548          ,146754.06451612903      ,808960085.3333334         ,0.0                       ,404480368.0                ,0.0                       ,0.0                        ,18153289598.7957    ,2730.6666666666665 ,7451951309.333333 ,30600063.05376344 ,71794603005.33333          ,3234092714.6666665  ,85.33333333333333  ,1617046805.3333333   ,85.33333333333333   ,160.0             ,74.67542895967742 ,112069.33333333333   ,0.05161290322580645,9.416666666666666 ,1.5779569892473118             ,1.0                            ,2.78494623655914  ,0.0               ,0.0                    ,0.0                     ,0.0                ,1.1263440860215055,0.08602150537634409 ,0.0              ,4.204301075268817 ,0.16666666666666666   ,0.0                          ,1.336021505376344 ,GEMM
1394.5    ,715.0      ,936.0967741935484,1381811.9880677299,99.9928374375    ,94.11393604032257        ,92.46020067741935                ,0.00738127822580645   ,0.07915225000000001                 ,0.0516376875                         ,0.244140625                         ,16.004894544354837          ,9.15254625                  ,13.5                     ,13.625                  ,64.0                   ,79.625                  ,9702327625.530241 ,1682690506.75     ,5.0                      ,426102324.7983871   ,1682968297.157258    ,174655108.8125        ,717195.6189516129      ,45.98808500604839 ,203.44188318145163      ,178.20250160080644      ,234.0819556431452 ,170.40380675403227,0.00956517137096774   ,53.00453296975807 ,52.30383352822581   ,99.92982487298387    ,37.929714272177414  ,77.48050252620969    ,295.48874163104836  ,98.80985944556453     ,170.4051202721774      ,123.32821260483871,177.57434651209675 ,158.12231873387097     ,0.7484209596774194   ,2.092726475806452     ,6.425021907258066     ,4.862930469758064      ,64.44606174999998 ,69.9391265       ,2425582377.389113     ,1128038.6391129033,295300.25403225806,382688.2782258064 ,67361.75403225806 ,19937443612.125   ,1376768.0         ,9699335694.0625   ,537395456.0       ,275959.6875          ,1466582783.560484 ,1466615219.7862904,3.20013460483871  ,5.826206687499999    ,73.28908859274193      ,0.9881684193548387    ,7.240042407258065 ,3.992879838709677 ,3.2010713709677425              ,0.7658074133064517  ,5.863571437500001,10238665457.754032,777822.2036290322,6922120918.397178,57062.8125       ,300642962.5141129 ,29098248559.639114,322557883.4596774 ,1447817613.669355 ,9577511.094758065 ,9577511.094758065 ,3638699245.274194 ,910418737.3810484 ,425770612.14314514      ,0.724067679435484    ,0.7725329818548387    ,1682690586.375           ,0.365888004032258  ,0.36807337500000004,17.81079618346774     ,43.989530846774194,0.40328819354838713,0.5415788125            ,1.5800896350806453 ,0.09403539112903225,63196.29838709677          ,110082.9495967742       ,606722046.1935484         ,40.125                    ,303360502.8125             ,4.0                       ,24.125                     ,13615154213.213709  ,2048.0             ,5588963482.1411295,22950263.43145161 ,53846098764.0              ,2425577019.336694   ,64.0               ,1212785897.8125      ,79.75               ,160.0             ,81.00189351209677 ,84060.0              ,0.24193548387096775,10.125            ,1.6189516129032258             ,1.3125                         ,2.526209677419355 ,0.0               ,0.0                    ,0.0                     ,0.125              ,1.094758064516129 ,0.06451612903225806 ,0.0              ,3.7641129032258065,0.25                  ,0.0                          ,1.002016129032258 ,particlefilter_float
1906.0    ,715.0      ,936.0967741935484,1300805.7202093813,99.99325876470589,94.12842799051234        ,91.96008630550283                ,0.006981614800759012  ,0.07449623529411765                 ,0.04860017647058824                  ,0.22977941176470587                 ,16.87576626185958           ,9.07372                     ,12.705882352941176       ,12.823529411764707      ,60.23529411764706      ,74.94117647058823       ,9131632774.428843 ,1583708741.6470587,5.0                      ,401037573.426945    ,1583970192.2068312   ,164381278.88425046    ,675007.7267552182      ,48.66376201897534 ,226.62923178557875      ,173.13734836053132      ,220.490070056926  ,165.79740026944972,0.009002514231499049  ,55.58091416129032 ,55.109490379506646  ,99.93395282163186    ,36.14945408349146   ,92.79219630740039    ,279.45863836622385  ,107.83821012333965    ,165.79863652182163     ,132.82443813851992,172.68699459772293 ,173.62251317647062     ,0.7043961973434536   ,1.9696249184060721    ,6.047079442125238     ,4.576875736242884      ,62.206605891840596,71.7074131764706 ,2282908636.8595824    ,1061683.4250474384,277929.65085388994,360177.2030360531 ,63399.297912713475,18764652811.411766,1295781.6470588236,9128786535.588236 ,505783958.5882353 ,259726.76470588235   ,1380322065.345351 ,1380352597.5521822,3.414271669829222 ,7.151669413662239    ,72.58224216318786      ,0.9300408652751423    ,6.814157559772296 ,3.89225884629981  ,3.045313151802656               ,0.753822119544592   ,5.518655470588235,9636391019.062618 ,761608.4895635673,6515086219.878558,53706.17647058824,282987741.9582543 ,27386616714.311195,303584366.5502846 ,1362660731.089184 ,9016086.937381404 ,9016086.937381404 ,3424661934.256167 ,856865683.7703985 ,400725363.09867173      ,0.683312944971537    ,0.7329112599620492    ,1583708816.5882354       ,0.3546809108159393 ,0.3567414516129032 ,17.278935760910816    ,41.97432424478178 ,0.3830248273244782 ,0.5202409601518025      ,1.4871431859582542 ,0.08850389753320682,59492.2220113852           ,103611.76660341556      ,571033496.2998103         ,37.76470588235294         ,285515771.11764705         ,3.764705882352941         ,22.705882352941178         ,12814265384.254269  ,1927.5294117647059 ,5260200924.461101 ,21600251.387096774,50678682130.82353          ,2282899806.079696   ,60.23529411764706  ,1141445580.2941177   ,75.05882352941177   ,160.0             ,82.11942918785579 ,79117.17647058824    ,0.03225806451612903,10.0              ,1.5825426944971537             ,1.2941176470588236             ,2.4364326375711576,0.0               ,0.0                    ,0.0                     ,0.11764705882352941,1.0891840607210626,0.06072106261859583 ,0.0              ,3.6603415559772294,0.23529411764705882   ,0.0                          ,0.9430740037950665,particlefilter_naive
2185.0    ,715.0      ,936.0967741935484,120733.46540800003,100.0            ,78.27194599999997        ,78.16360600000002                ,4.9e-05               ,2.0396829999999992                  ,5.375102999999999                    ,0.0                                 ,23.26185899999999           ,25.0                        ,214474688.0              ,6665124352.0            ,0.0                    ,0.0                     ,3677839874.0      ,1296716800.0      ,5.0                      ,737175604.0         ,1296717064.7096775   ,78566493.03225806     ,14527313.548387097     ,73.32945387096774 ,23.550170741935485      ,10.222529838709677      ,87.15502074193547 ,40.89011948387096 ,0.0                   ,51.21593967741936 ,89.3441670967742    ,99.96044619354838    ,2.477440516129033   ,468.8674487741935    ,28.99386206451613   ,23.244732451612904    ,40.89011948387096      ,23.245936129032263,40.89012729032258  ,167.8709677419355      ,0.0                  ,0.0                   ,840.7008573225806     ,27.052616645161294     ,27.021014000000008,25.0             ,919459968.0           ,1685763840000.0   ,226941440000.0    ,648358400000.0    ,162105600000.0    ,0.0               ,0.0               ,0.0               ,0.0               ,0.0                  ,60366732704.0     ,60369690245.80645 ,9.101492870967741 ,6.613208096774194    ,0.9905302903225808     ,2.2580645161290322e-07,2.9009700322580643,67.795304         ,0.011399903225806451            ,7.13911764516129    ,8.586253         ,32417920000.0     ,1037405440000.0  ,116073040064.0   ,32417920000.0    ,84190084480.0     ,88125103552.0     ,119284569408.0    ,56320431523.41936 ,3428832352.0      ,3428832352.0      ,4205878848.0      ,3558004032.0      ,737137177.451613        ,3.300000000000001e-05,5.447944193548387     ,1296716800.0             ,1.213436064516129  ,1.2134967096774196 ,56.60511332258063     ,99.95177764516129 ,0.4997759677419356 ,2.8127753225806456      ,0.0                ,52.920816935483884 ,121360.51612903226         ,41653.67741935484       ,158106016.0               ,3267726336.0              ,51868672.0                 ,0.0                       ,39901504.0                 ,23588551122.580647  ,0.0                ,2514127777.032258 ,464874033.5483871 ,41494937600.0              ,533670304.0         ,0.0                ,324179200.0          ,0.0                 ,160.0             ,96.1123239032258  ,500000.0             ,13.275345622119815 ,9.0               ,2.0                            ,0.0                            ,2.0               ,0.0               ,0.0                    ,0.0                     ,2.0                ,1.0               ,0.0                 ,0.0              ,2.0               ,0.0                   ,0.0                          ,0.0               ,lavaMD
2231.5    ,715.0      ,936.0967741935484,120.00002850000001,100.0            ,97.1976645               ,88.094403                        ,0.00019320967741935484,0.3229165                           ,0.3482144999999999                   ,0.0                                 ,13.9999955                  ,3.9999980000000006          ,1198080.0                ,1904640.0               ,0.0                    ,0.0                     ,33423382.0        ,3932163.0         ,5.0                      ,3415407.629032258   ,3932193.193548387    ,3256314.6129032257    ,3199132.435483871      ,42.54022303225806 ,213.45384333870965      ,121.32846262903229      ,305.6146326129032 ,157.26125967741936,0.0                   ,63.95085158064515 ,4.799807403225806   ,99.47916649999998    ,131.4936219516129   ,128.94751353225809   ,352.3501093225807   ,137.8277791451613     ,157.26125967741936     ,137.83706174193546,157.2624136935484  ,202.50151212903228     ,0.0                  ,0.0                   ,252.53882446774193    ,158.85506701612903     ,69.10638049999999 ,75.41665849999997,8355845.0             ,70778936.0        ,7864328.0         ,15728656.0        ,31457296.0        ,15237120.0        ,7372800.0         ,0.0               ,7864320.0         ,31457280.0           ,58982414.0        ,58990006.67741936 ,1.8650473225806454,7.037149451612903    ,34.09624985483872      ,1.256867758064516     ,12.686496516129033,38.89160741935484 ,0.04254790322580645             ,1.6177715967741935  ,27.7227725       ,46694400.0        ,55050280.0       ,802652216.0      ,141557816.0      ,15728640.0        ,149913656.0       ,331284488.0       ,51368704.38709678 ,737280.5          ,737280.5          ,20152327.0        ,11550723.5        ,3415158.064516129       ,0.09632322580645161  ,2.409938983870968     ,3932163.0                ,1.3661752096774196 ,1.366575241935484  ,59.72840451612904     ,99.25813893548386 ,0.9491434032258066 ,2.6220087903225804      ,0.25118582258064515,3.235216741935484  ,272.51612903225805         ,140.38709677419354      ,2211842.5                 ,2949120.0                 ,983041.0                   ,0.0                       ,1720320.0                  ,109284272.0         ,0.0                ,104202067.61290322,102372237.93548387,125829216.0                ,8355845.0           ,0.0                ,3440642.0            ,0.0                 ,160.0             ,55.929606451612905,491520.0             ,2.5247311827956986 ,2.5               ,2.5806451612903225             ,1.7419354838709677             ,4.645161290322581 ,0.0               ,0.0                    ,0.0                     ,1.0                ,2.7903225806451615,1.0                 ,0.0              ,4.354838709677419 ,1.0                   ,0.0                          ,0.9516129032258065,backprop
2278.0    ,715.0      ,936.0967741935484,2480819.8739919355,96.69326835483865,88.70994561290324        ,83.42502496774196                ,0.00044816129032258057,0.0                                 ,0.0                                  ,0.0                                 ,15.75                       ,28.881275322580635          ,0.0                      ,0.0                     ,0.0                    ,0.0                     ,64163738.0        ,36620367.35483871 ,5.0                      ,59407581.96774194   ,36716434.451612905   ,1456608.2258064516    ,2634219.6774193547     ,53.27516212903225 ,14.1286664516129        ,4.064104451612903       ,112.76963974193549,32.51283525806451 ,0.0                   ,41.373648870967735,97.7058261612903    ,98.47075664516129    ,148.14421419354838  ,2.33851335483871     ,14.241695741935485  ,52.68967432258066     ,32.51283525806451      ,52.74217951612903 ,32.5978675483871   ,4.653414741935484      ,0.0                  ,0.0                   ,0.0                   ,0.0                    ,12.528786000000007,12.5             ,16040934.0            ,749349873.1612903 ,130550342.58064516,276039520.0       ,66720490.58064516 ,589257955.6451613 ,136147315.51612905,183303573.93548387,86503492.25806452 ,35530297.96774194    ,79386235.96774194 ,79421840.0        ,14.974380903225802,32.75463016129032    ,46.140969483870975     ,0.4382676451612903    ,0.0               ,4.8100545806451604,0.14718777419354837             ,0.734187            ,0.0              ,598895017.0       ,478895619.7419355,365623837.0645161,70112873.0       ,189436609.41935483,163929367.3548387 ,252402263.77419356,72286651.96774194 ,9399969.35483871  ,9399969.35483871  ,20803748.35483871 ,5341914.354838709 ,59348253.67741936       ,4e-06                ,0.00031877419354838714,36620367.35483871        ,0.08687738709677419,0.0869084193548387 ,3.9550357419354847    ,52.040314548387094,0.015625           ,0.07910929032258064     ,0.26217312903225803,0.6668026451612903 ,4773.1612903225805         ,1684.6451612903227      ,4073888.0                 ,0.0                       ,1267962.3548387096         ,0.0                       ,0.0                        ,1899144117.6774194  ,0.0                ,46611463.22580645 ,84295029.67741935 ,1171851755.3548386         ,16040934.0          ,0.0                ,4762750.354838709    ,0.0                 ,160.0             ,97.99772483870967 ,32.0                 ,5.812316715542523  ,17.0              ,1.0                            ,2.0                            ,2.0               ,0.0               ,0.0                    ,0.0                     ,0.0                ,1.0               ,0.0                 ,0.0              ,2.0               ,1.0                   ,0.0                          ,0.0               ,myocyte
2572.5    ,715.0      ,936.0967741935484,1230005.9579755268,99.99363327777777,94.45462643548387        ,92.40632745519714                ,0.006595740143369174  ,0.07035755555555556                 ,0.045900166666666666                 ,0.2170138888888889                  ,16.82711258064516           ,8.791846666666666           ,12.0                     ,12.11111111111111       ,56.888888888888886     ,70.77777777777777       ,9578873527.960573 ,1555406373.3333333,5.0                      ,1303871289.3405018  ,1555653321.451613    ,904010995.4587814     ,58444688.11827957      ,46.29471303584229 ,216.34927821684587      ,164.63915968996415      ,226.721268062724  ,157.70698649283153,0.008502374551971326  ,53.463264240143374,53.10823812724015   ,94.57983088172043    ,48.20161147491039   ,88.72244656451613    ,268.41372945519714  ,119.21683722759857    ,157.70815406451612     ,142.8149628548387 ,164.21382600537635 ,169.49115491756274     ,0.6652630752688173   ,1.8602013118279574    ,5.711130584229391     ,4.322604862007169      ,59.44527162007168 ,73.27922355555556,2394718800.589606     ,1002701.0125448029,262489.1146953405 ,340167.3584229391 ,59877.114695340504,20585716647.22222 ,478442382.2222222 ,9098850316.5      ,1909573632.0      ,245297.5             ,1495949257.2706094,1495984989.2240143,3.2334055412186378,6.765649134408602    ,70.68099443369177      ,1.7400737365591397    ,6.435593250896057 ,6.218507482078853 ,2.8761342956989244              ,0.7119439659498209  ,5.212063499999999,11487361921.55914 ,719296.9068100358,6994327954.329749,50722.5          ,326918524.2939068 ,28251696983.960575,766500342.6308243 ,1473683598.8978496,10393891.88530466 ,10393891.88530466 ,3532751937.0197134,883871129.7831541 ,1303576435.9336917      ,0.6453842634408602   ,0.692313894265233     ,1555406444.1111112       ,0.33742262365591397,0.33936922580645157,16.437774740143368    ,45.18852149462365 ,0.41513313978494626,0.49378482437275983     ,1.432929360215054  ,0.08358701433691756,66826.23835125448          ,101445.06272401434      ,598969018.5053763         ,35.666666666666664        ,284574146.5                ,3.5555555555555554        ,21.444444444444443         ,41702376804.75627   ,1820.4444444444443 ,28928351854.836918,1870230023.68638  ,49773006211.55556          ,2394710460.408602   ,56.888888888888886 ,1137713387.6111112   ,70.88888888888889   ,160.0             ,78.56536901971326 ,82003.55555555556    ,16.763440860215052 ,10.555555555555555,1.550179211469534              ,1.2777777777777777             ,2.609318996415771 ,0.0               ,0.0                    ,0.0                     ,0.1111111111111111 ,1.0842293906810037,0.05734767025089606 ,0.0              ,3.57168458781362  ,0.2222222222222222    ,0.0                          ,0.9695340501792115,SYR2
3146.0    ,715.0      ,936.0967741935484,1165557.223345236 ,99.99396836842105,94.74648820203736        ,92.80407358913413                ,0.006252567062818334  ,0.06665452631578948                 ,0.04348436842105263                  ,0.20559210526315788                 ,16.783580339558572          ,8.539644210526316           ,11.368421052631579       ,11.473684210526315      ,53.89473684210526      ,67.05263157894737       ,9131262611.436333 ,1480613869.4736843,5.0                      ,1272537089.811545   ,1480847822.1290324   ,856536991.0831919     ,55393119.4991511       ,45.757334915110356,211.29487681494055      ,162.1146340271647       ,265.4058550101867 ,155.54731205093378,0.008054881154499151  ,52.91145716977929 ,55.55490559762309   ,94.86343406791171    ,48.50631001867571   ,105.36900025976232   ,266.56208667232596  ,145.01697291001696    ,155.5484181714771      ,167.38613011205433,161.71168775382003 ,160.81012738370117     ,0.6302492292020373   ,1.7622959796264857    ,5.410544764006792     ,4.09509934295416       ,56.97501290322582 ,74.68558021052633,2282816049.400679     ,949927.2750424448 ,248673.89813242786,322263.81324278435,56725.68760611206 ,19671851247.263157,453261204.2105263 ,8676476185.31579  ,1865637672.4210527,232387.1052631579    ,1426666066.8879457,1426700631.670628 ,3.0703419830220713,6.435567882852292    ,70.75442836162988      ,2.2981900237690995    ,6.0968778166383695,6.677481511035654 ,2.724808283531409               ,0.6744914719864177  ,4.937744368421051,10995844569.056026,681439.1748726655,6641768505.786078,48052.89473684211,311478308.91001695,26934414122.910015,728420935.9660442 ,1405462622.3089983,9905482.417657046 ,9905482.417657046 ,3368030592.966044 ,842660012.6366724 ,1272229692.4702885      ,0.6117995280135823   ,0.6560131273344652    ,1480613936.5263157       ,0.32510864346349744,0.3269532275042445 ,15.841725876061123    ,47.849981563667235,0.44493878607809845,0.4732639524617997      ,1.4306085619694395 ,0.07918769779286927,63646.34465195246          ,96271.87945670629       ,570978103.426146          ,33.78947368421053         ,271364307.2105263          ,3.3684210526315788        ,20.31578947368421          ,40698471034.45501   ,1724.6315789473683 ,27409183714.80985 ,1772579827.6689303,47379645968.8421           ,2282808148.1765704  ,53.89473684210526  ,1084904725.1052632   ,67.15789473684211   ,160.0             ,79.67890853480475 ,79412.21052631579    ,0.06129032258064515,11.105263157894736,1.5212224108658743             ,1.263157894736842              ,2.577249575551783 ,0.0               ,0.0                    ,0.0                     ,0.10526315789473684,1.132427843803056 ,0.05432937181663837 ,0.0              ,3.5942275042444822,0.21052631578947367   ,0.0                          ,1.1171477079796266,SYR
